<application>
  <component name="ProjectJdkTable">
    <jdk version="2">
      <name value="25" />
      <type value="JavaSDK" />
      <version value="Oracle OpenJDK 25.0.1 - aarch64" />
      <homePath value="$USER_HOME$/.local/share/mise/installs/java/latest" />
      <roots>
        <annotationsPath>
          <root type="composite">
            <root url="jar://$APPLICATION_HOME_DIR$/plugins/java/lib/resources/jdkAnnotations.jar!/" type="simple" />
          </root>
        </annotationsPath>
        <classPath>
          <root type="composite">
            <root url="jrt://$USER_HOME$/.local/share/mise/installs/java/latest!/java.base" type="simple" />
            <root url="jrt://$USER_HOME$/.local/share/mise/installs/java/latest!/java.compiler" type="simple" />
            <root url="jrt://$USER_HOME$/.local/share/mise/installs/java/latest!/java.datatransfer" type="simple" />
            <root url="jrt://$USER_HOME$/.local/share/mise/installs/java/latest!/java.desktop" type="simple" />
            <root url="jrt://$USER_HOME$/.local/share/mise/installs/java/latest!/java.instrument" type="simple" />
            <root url="jrt://$USER_HOME$/.local/share/mise/installs/java/latest!/java.logging" type="simple" />
            <root url="jrt://$USER_HOME$/.local/share/mise/installs/java/latest!/java.management" type="simple" />
            <root url="jrt://$USER_HOME$/.local/share/mise/installs/java/latest!/java.management.rmi" type="simple" />
            <root url="jrt://$USER_HOME$/.local/share/mise/installs/java/latest!/java.naming" type="simple" />
            <root url="jrt://$USER_HOME$/.local/share/mise/installs/java/latest!/java.net.http" type="simple" />
            <root url="jrt://$USER_HOME$/.local/share/mise/installs/java/latest!/java.prefs" type="simple" />
            <root url="jrt://$USER_HOME$/.local/share/mise/installs/java/latest!/java.rmi" type="simple" />
            <root url="jrt://$USER_HOME$/.local/share/mise/installs/java/latest!/java.scripting" type="simple" />
            <root url="jrt://$USER_HOME$/.local/share/mise/installs/java/latest!/java.se" type="simple" />
            <root url="jrt://$USER_HOME$/.local/share/mise/installs/java/latest!/java.security.jgss" type="simple" />
            <root url="jrt://$USER_HOME$/.local/share/mise/installs/java/latest!/java.security.sasl" type="simple" />
            <root url="jrt://$USER_HOME$/.local/share/mise/installs/java/latest!/java.smartcardio" type="simple" />
            <root url="jrt://$USER_HOME$/.local/share/mise/installs/java/latest!/java.sql" type="simple" />
            <root url="jrt://$USER_HOME$/.local/share/mise/installs/java/latest!/java.sql.rowset" type="simple" />
            <root url="jrt://$USER_HOME$/.local/share/mise/installs/java/latest!/java.transaction.xa" type="simple" />
            <root url="jrt://$USER_HOME$/.local/share/mise/installs/java/latest!/java.xml" type="simple" />
            <root url="jrt://$USER_HOME$/.local/share/mise/installs/java/latest!/java.xml.crypto" type="simple" />
            <root url="jrt://$USER_HOME$/.local/share/mise/installs/java/latest!/jdk.accessibility" type="simple" />
            <root url="jrt://$USER_HOME$/.local/share/mise/installs/java/latest!/jdk.attach" type="simple" />
            <root url="jrt://$USER_HOME$/.local/share/mise/installs/java/latest!/jdk.charsets" type="simple" />
            <root url="jrt://$USER_HOME$/.local/share/mise/installs/java/latest!/jdk.compiler" type="simple" />
            <root url="jrt://$USER_HOME$/.local/share/mise/installs/java/latest!/jdk.crypto.cryptoki" type="simple" />
            <root url="jrt://$USER_HOME$/.local/share/mise/installs/java/latest!/jdk.crypto.ec" type="simple" />
            <root url="jrt://$USER_HOME$/.local/share/mise/installs/java/latest!/jdk.dynalink" type="simple" />
            <root url="jrt://$USER_HOME$/.local/share/mise/installs/java/latest!/jdk.editpad" type="simple" />
            <root url="jrt://$USER_HOME$/.local/share/mise/installs/java/latest!/jdk.graal.compiler" type="simple" />
            <root url="jrt://$USER_HOME$/.local/share/mise/installs/java/latest!/jdk.graal.compiler.management" type="simple" />
            <root url="jrt://$USER_HOME$/.local/share/mise/installs/java/latest!/jdk.hotspot.agent" type="simple" />
            <root url="jrt://$USER_HOME$/.local/share/mise/installs/java/latest!/jdk.httpserver" type="simple" />
            <root url="jrt://$USER_HOME$/.local/share/mise/installs/java/latest!/jdk.incubator.vector" type="simple" />
            <root url="jrt://$USER_HOME$/.local/share/mise/installs/java/latest!/jdk.internal.ed" type="simple" />
            <root url="jrt://$USER_HOME$/.local/share/mise/installs/java/latest!/jdk.internal.jvmstat" type="simple" />
            <root url="jrt://$USER_HOME$/.local/share/mise/installs/java/latest!/jdk.internal.le" type="simple" />
            <root url="jrt://$USER_HOME$/.local/share/mise/installs/java/latest!/jdk.internal.md" type="simple" />
            <root url="jrt://$USER_HOME$/.local/share/mise/installs/java/latest!/jdk.internal.opt" type="simple" />
            <root url="jrt://$USER_HOME$/.local/share/mise/installs/java/latest!/jdk.internal.vm.ci" type="simple" />
            <root url="jrt://$USER_HOME$/.local/share/mise/installs/java/latest!/jdk.jartool" type="simple" />
            <root url="jrt://$USER_HOME$/.local/share/mise/installs/java/latest!/jdk.javadoc" type="simple" />
            <root url="jrt://$USER_HOME$/.local/share/mise/installs/java/latest!/jdk.jcmd" type="simple" />
            <root url="jrt://$USER_HOME$/.local/share/mise/installs/java/latest!/jdk.jconsole" type="simple" />
            <root url="jrt://$USER_HOME$/.local/share/mise/installs/java/latest!/jdk.jdeps" type="simple" />
            <root url="jrt://$USER_HOME$/.local/share/mise/installs/java/latest!/jdk.jdi" type="simple" />
            <root url="jrt://$USER_HOME$/.local/share/mise/installs/java/latest!/jdk.jdwp.agent" type="simple" />
            <root url="jrt://$USER_HOME$/.local/share/mise/installs/java/latest!/jdk.jfr" type="simple" />
            <root url="jrt://$USER_HOME$/.local/share/mise/installs/java/latest!/jdk.jlink" type="simple" />
            <root url="jrt://$USER_HOME$/.local/share/mise/installs/java/latest!/jdk.jpackage" type="simple" />
            <root url="jrt://$USER_HOME$/.local/share/mise/installs/java/latest!/jdk.jshell" type="simple" />
            <root url="jrt://$USER_HOME$/.local/share/mise/installs/java/latest!/jdk.jsobject" type="simple" />
            <root url="jrt://$USER_HOME$/.local/share/mise/installs/java/latest!/jdk.jstatd" type="simple" />
            <root url="jrt://$USER_HOME$/.local/share/mise/installs/java/latest!/jdk.localedata" type="simple" />
            <root url="jrt://$USER_HOME$/.local/share/mise/installs/java/latest!/jdk.management" type="simple" />
            <root url="jrt://$USER_HOME$/.local/share/mise/installs/java/latest!/jdk.management.agent" type="simple" />
            <root url="jrt://$USER_HOME$/.local/share/mise/installs/java/latest!/jdk.management.jfr" type="simple" />
            <root url="jrt://$USER_HOME$/.local/share/mise/installs/java/latest!/jdk.naming.dns" type="simple" />
            <root url="jrt://$USER_HOME$/.local/share/mise/installs/java/latest!/jdk.naming.rmi" type="simple" />
            <root url="jrt://$USER_HOME$/.local/share/mise/installs/java/latest!/jdk.net" type="simple" />
            <root url="jrt://$USER_HOME$/.local/share/mise/installs/java/latest!/jdk.nio.mapmode" type="simple" />
            <root url="jrt://$USER_HOME$/.local/share/mise/installs/java/latest!/jdk.sctp" type="simple" />
            <root url="jrt://$USER_HOME$/.local/share/mise/installs/java/latest!/jdk.security.auth" type="simple" />
            <root url="jrt://$USER_HOME$/.local/share/mise/installs/java/latest!/jdk.security.jgss" type="simple" />
            <root url="jrt://$USER_HOME$/.local/share/mise/installs/java/latest!/jdk.unsupported" type="simple" />
            <root url="jrt://$USER_HOME$/.local/share/mise/installs/java/latest!/jdk.unsupported.desktop" type="simple" />
            <root url="jrt://$USER_HOME$/.local/share/mise/installs/java/latest!/jdk.xml.dom" type="simple" />
            <root url="jrt://$USER_HOME$/.local/share/mise/installs/java/latest!/jdk.zipfs" type="simple" />
          </root>
        </classPath>
        <javadocPath>
          <root type="composite" />
        </javadocPath>
        <sourcePath>
          <root type="composite">
            <root url="jar://$USER_HOME$/.local/share/mise/installs/java/latest/lib/src.zip!/java.se" type="simple" />
            <root url="jar://$USER_HOME$/.local/share/mise/installs/java/latest/lib/src.zip!/jdk.jdi" type="simple" />
            <root url="jar://$USER_HOME$/.local/share/mise/installs/java/latest/lib/src.zip!/jdk.jfr" type="simple" />
            <root url="jar://$USER_HOME$/.local/share/mise/installs/java/latest/lib/src.zip!/jdk.net" type="simple" />
            <root url="jar://$USER_HOME$/.local/share/mise/installs/java/latest/lib/src.zip!/java.rmi" type="simple" />
            <root url="jar://$USER_HOME$/.local/share/mise/installs/java/latest/lib/src.zip!/java.sql" type="simple" />
            <root url="jar://$USER_HOME$/.local/share/mise/installs/java/latest/lib/src.zip!/java.xml" type="simple" />
            <root url="jar://$USER_HOME$/.local/share/mise/installs/java/latest/lib/src.zip!/jdk.jcmd" type="simple" />
            <root url="jar://$USER_HOME$/.local/share/mise/installs/java/latest/lib/src.zip!/jdk.sctp" type="simple" />
            <root url="jar://$USER_HOME$/.local/share/mise/installs/java/latest/lib/src.zip!/java.base" type="simple" />
            <root url="jar://$USER_HOME$/.local/share/mise/installs/java/latest/lib/src.zip!/jdk.jdeps" type="simple" />
            <root url="jar://$USER_HOME$/.local/share/mise/installs/java/latest/lib/src.zip!/jdk.jlink" type="simple" />
            <root url="jar://$USER_HOME$/.local/share/mise/installs/java/latest/lib/src.zip!/jdk.zipfs" type="simple" />
            <root url="jar://$USER_HOME$/.local/share/mise/installs/java/latest/lib/src.zip!/java.prefs" type="simple" />
            <root url="jar://$USER_HOME$/.local/share/mise/installs/java/latest/lib/src.zip!/jdk.attach" type="simple" />
            <root url="jar://$USER_HOME$/.local/share/mise/installs/java/latest/lib/src.zip!/jdk.jshell" type="simple" />
            <root url="jar://$USER_HOME$/.local/share/mise/installs/java/latest/lib/src.zip!/jdk.jstatd" type="simple" />
            <root url="jar://$USER_HOME$/.local/share/mise/installs/java/latest/lib/src.zip!/java.naming" type="simple" />
            <root url="jar://$USER_HOME$/.local/share/mise/installs/java/latest/lib/src.zip!/jdk.editpad" type="simple" />
            <root url="jar://$USER_HOME$/.local/share/mise/installs/java/latest/lib/src.zip!/jdk.jartool" type="simple" />
            <root url="jar://$USER_HOME$/.local/share/mise/installs/java/latest/lib/src.zip!/jdk.javadoc" type="simple" />
            <root url="jar://$USER_HOME$/.local/share/mise/installs/java/latest/lib/src.zip!/jdk.xml.dom" type="simple" />
            <root url="jar://$USER_HOME$/.local/share/mise/installs/java/latest/lib/src.zip!/java.desktop" type="simple" />
            <root url="jar://$USER_HOME$/.local/share/mise/installs/java/latest/lib/src.zip!/java.logging" type="simple" />
            <root url="jar://$USER_HOME$/.local/share/mise/installs/java/latest/lib/src.zip!/jdk.charsets" type="simple" />
            <root url="jar://$USER_HOME$/.local/share/mise/installs/java/latest/lib/src.zip!/jdk.compiler" type="simple" />
            <root url="jar://$USER_HOME$/.local/share/mise/installs/java/latest/lib/src.zip!/jdk.dynalink" type="simple" />
            <root url="jar://$USER_HOME$/.local/share/mise/installs/java/latest/lib/src.zip!/jdk.jconsole" type="simple" />
            <root url="jar://$USER_HOME$/.local/share/mise/installs/java/latest/lib/src.zip!/jdk.jpackage" type="simple" />
            <root url="jar://$USER_HOME$/.local/share/mise/installs/java/latest/lib/src.zip!/jdk.jsobject" type="simple" />
            <root url="jar://$USER_HOME$/.local/share/mise/installs/java/latest/lib/src.zip!/java.compiler" type="simple" />
            <root url="jar://$USER_HOME$/.local/share/mise/installs/java/latest/lib/src.zip!/java.net.http" type="simple" />
            <root url="jar://$USER_HOME$/.local/share/mise/installs/java/latest/lib/src.zip!/jdk.crypto.ec" type="simple" />
            <root url="jar://$USER_HOME$/.local/share/mise/installs/java/latest/lib/src.zip!/java.scripting" type="simple" />
            <root url="jar://$USER_HOME$/.local/share/mise/installs/java/latest/lib/src.zip!/jdk.httpserver" type="simple" />
            <root url="jar://$USER_HOME$/.local/share/mise/installs/java/latest/lib/src.zip!/jdk.jdwp.agent" type="simple" />
            <root url="jar://$USER_HOME$/.local/share/mise/installs/java/latest/lib/src.zip!/jdk.localedata" type="simple" />
            <root url="jar://$USER_HOME$/.local/share/mise/installs/java/latest/lib/src.zip!/jdk.management" type="simple" />
            <root url="jar://$USER_HOME$/.local/share/mise/installs/java/latest/lib/src.zip!/jdk.naming.dns" type="simple" />
            <root url="jar://$USER_HOME$/.local/share/mise/installs/java/latest/lib/src.zip!/jdk.naming.rmi" type="simple" />
            <root url="jar://$USER_HOME$/.local/share/mise/installs/java/latest/lib/src.zip!/java.instrument" type="simple" />
            <root url="jar://$USER_HOME$/.local/share/mise/installs/java/latest/lib/src.zip!/java.management" type="simple" />
            <root url="jar://$USER_HOME$/.local/share/mise/installs/java/latest/lib/src.zip!/java.sql.rowset" type="simple" />
            <root url="jar://$USER_HOME$/.local/share/mise/installs/java/latest/lib/src.zip!/java.xml.crypto" type="simple" />
            <root url="jar://$USER_HOME$/.local/share/mise/installs/java/latest/lib/src.zip!/jdk.internal.ed" type="simple" />
            <root url="jar://$USER_HOME$/.local/share/mise/installs/java/latest/lib/src.zip!/jdk.internal.le" type="simple" />
            <root url="jar://$USER_HOME$/.local/share/mise/installs/java/latest/lib/src.zip!/jdk.internal.md" type="simple" />
            <root url="jar://$USER_HOME$/.local/share/mise/installs/java/latest/lib/src.zip!/jdk.nio.mapmode" type="simple" />
            <root url="jar://$USER_HOME$/.local/share/mise/installs/java/latest/lib/src.zip!/jdk.unsupported" type="simple" />
            <root url="jar://$USER_HOME$/.local/share/mise/installs/java/latest/lib/src.zip!/java.smartcardio" type="simple" />
            <root url="jar://$USER_HOME$/.local/share/mise/installs/java/latest/lib/src.zip!/jdk.internal.opt" type="simple" />
            <root url="jar://$USER_HOME$/.local/share/mise/installs/java/latest/lib/src.zip!/java.datatransfer" type="simple" />
            <root url="jar://$USER_HOME$/.local/share/mise/installs/java/latest/lib/src.zip!/jdk.accessibility" type="simple" />
            <root url="jar://$USER_HOME$/.local/share/mise/installs/java/latest/lib/src.zip!/jdk.hotspot.agent" type="simple" />
            <root url="jar://$USER_HOME$/.local/share/mise/installs/java/latest/lib/src.zip!/jdk.security.auth" type="simple" />
            <root url="jar://$USER_HOME$/.local/share/mise/installs/java/latest/lib/src.zip!/jdk.security.jgss" type="simple" />
            <root url="jar://$USER_HOME$/.local/share/mise/installs/java/latest/lib/src.zip!/java.security.jgss" type="simple" />
            <root url="jar://$USER_HOME$/.local/share/mise/installs/java/latest/lib/src.zip!/java.security.sasl" type="simple" />
            <root url="jar://$USER_HOME$/.local/share/mise/installs/java/latest/lib/src.zip!/jdk.graal.compiler" type="simple" />
            <root url="jar://$USER_HOME$/.local/share/mise/installs/java/latest/lib/src.zip!/jdk.internal.vm.ci" type="simple" />
            <root url="jar://$USER_HOME$/.local/share/mise/installs/java/latest/lib/src.zip!/jdk.management.jfr" type="simple" />
            <root url="jar://$USER_HOME$/.local/share/mise/installs/java/latest/lib/src.zip!/java.management.rmi" type="simple" />
            <root url="jar://$USER_HOME$/.local/share/mise/installs/java/latest/lib/src.zip!/java.transaction.xa" type="simple" />
            <root url="jar://$USER_HOME$/.local/share/mise/installs/java/latest/lib/src.zip!/jdk.crypto.cryptoki" type="simple" />
            <root url="jar://$USER_HOME$/.local/share/mise/installs/java/latest/lib/src.zip!/jdk.incubator.vector" type="simple" />
            <root url="jar://$USER_HOME$/.local/share/mise/installs/java/latest/lib/src.zip!/jdk.internal.jvmstat" type="simple" />
            <root url="jar://$USER_HOME$/.local/share/mise/installs/java/latest/lib/src.zip!/jdk.management.agent" type="simple" />
            <root url="jar://$USER_HOME$/.local/share/mise/installs/java/latest/lib/src.zip!/jdk.unsupported.desktop" type="simple" />
            <root url="jar://$USER_HOME$/.local/share/mise/installs/java/latest/lib/src.zip!/jdk.graal.compiler.management" type="simple" />
          </root>
        </sourcePath>
      </roots>
    </jdk>
  </component>
</application>