<application>
  <component name="ProjectManager">
    <defaultProject>
      <component name="PropertiesComponent"><![CDATA[{}]]></component>
      <component name="WindowStateProjectService">
        <state x="560" y="111" width="800" height="715" key="new project wizard" timestamp="1755107827427">
          <screen x="0" y="0" width="1920" height="1080" />
        </state>
        <state x="560" y="111" width="800" height="715" key="new project wizard/0.0.1920.1080" timestamp="1755107827427" />
      </component>
    </defaultProject>
  </component>
</application>