<application>
  <component name="Trusted.Paths">
    <option name="TRUSTED_PROJECT_PATHS">
      <map>
        <entry key="$USER_HOME$" value="true" />
        <entry key="$USER_HOME$/IdeaProjects/leedcode" value="true" />
        <entry key="$USER_HOME$/Repos/java-interview-data-structures" value="true" />
        <entry key="$USER_HOME$/Repos/java-interview-structures" value="true" />
        <entry key="$USER_HOME$/Repos/java-list-node" value="true" />
        <entry key="$USER_HOME$/Repos/java-list-node/java-list-node" value="true" />
      </map>
    </option>
  </component>
</application>