<application>
  <component name="DimensionService">
    <size key="GridCell.Tab.0.left.0.0.3840.2160@192dpi" width="3292" height="556" />
    <size key="GridCell.Tab.0.center.0.0.3840.2160@192dpi" width="3292" height="556" />
    <size key="GridCell.Tab.0.right.0.0.3840.2160@192dpi" width="3292" height="556" />
    <size key="GridCell.Tab.0.bottom.0.0.3840.2160@192dpi" width="3292" height="556" />
  </component>
  <component name="WindowManager">
    <frame x="96" y="54" width="1728" height="972" />
  </component>
</application>