<application>
  <component name="DimensionService">
    <location key="find.popup.0.0.3840.2160@192dpi" x="1322" y="306" />
    <size key="GridCell.Tab.0.left.0.0.3840.2160@192dpi" width="3292" height="670" />
    <size key="GridCell.Tab.0.center.0.0.3840.2160@192dpi" width="3292" height="670" />
    <size key="GridCell.Tab.0.right.0.0.3840.2160@192dpi" width="3292" height="670" />
    <size key="GridCell.Tab.0.bottom.0.0.3840.2160@192dpi" width="3292" height="670" />
    <size key="GridCell.Tab.1.left.0.0.3840.2160@192dpi" width="3292" height="670" />
    <size key="GridCell.Tab.1.center.0.0.3840.2160@192dpi" width="3292" height="670" />
    <size key="GridCell.Tab.1.right.0.0.3840.2160@192dpi" width="3292" height="670" />
    <size key="GridCell.Tab.1.bottom.0.0.3840.2160@192dpi" width="3292" height="670" />
    <size key="find.popup.0.0.3840.2160@192dpi" width="1430" height="1854" />
  </component>
  <component name="WindowManager">
    <frame x="96" y="54" width="1728" height="972" />
  </component>
  <component name="WindowStateApplicationService">
    <state width="449" height="111" key="ShowUsagesActions.dimensionServiceKey" timestamp="1761068021485">
      <screen x="0" y="0" width="1920" height="1080" />
    </state>
    <state width="449" height="111" key="ShowUsagesActions.dimensionServiceKey/0.0.1920.1080" timestamp="1761068021485" />
    <state x="960" y="468" width="800" height="650" key="WELCOME_SCREEN" timestamp="1760296865234">
      <screen x="0" y="0" width="1920" height="1080" />
    </state>
    <state x="960" y="468" width="800" height="650" key="WELCOME_SCREEN/0.0.1920.1080" timestamp="1760296865234" />
  </component>
</application>